{"SL.fire":"scene","player.ts":"typescript","turn.ts":"typescript","state.ts":"typescript","waterM.ts":"typescript","TUT.ts":"typescript","ShopM.ts":"typescript","shops.ts":"typescript","weapon.ts":"typescript","A110.ts":"typescript","A130.ts":"typescript","A150.ts":"typescript","Dao.ts":"typescript","A210.ts":"typescript","A231.ts":"typescript","A232.ts":"typescript","A251.ts":"typescript","A252.ts":"typescript","Qiang.ts":"typescript","A310.ts":"typescript","Dun.ts":"typescript","accessory.ts":"typescript","body.ts":"typescript","shose.ts":"typescript","DGZ.ts":"typescript","waterGeZi.ts":"typescript","GeZi.ts":"typescript","DES.ts":"typescript","fireball.ts":"typescript","DESManager.ts":"typescript","GeZiManager.ts":"typescript","AnimalManager.ts":"typescript","BUIManager.ts":"typescript","SHMessage.ts":"typescript","Pchange.ts":"typescript","UIManager.ts":"typescript","ComponentBase.ts":"typescript","ManagerBase.ts":"typescript","Message.ts":"typescript","MessageCenter.ts":"typescript","BUI.ts":"typescript","yesno.ts":"typescript","MUI.ts":"typescript","label.ts":"typescript","sideUI.ts":"typescript","heart.ts":"typescript","HUI.ts":"typescript","ghostUI.ts":"typescript","character.ts":"typescript","realThing.ts":"typescript","equipment.ts":"typescript","地图底图.png":"texture","shadow.plist":"sprite-atlas","艹7.png":"texture","shadow.png":"texture","tree.png":"texture","rock.png":"texture","delei.png":"texture","fireball.png":"texture","qi.png":"texture","data.plist":"sprite-atlas","data.png":"texture","蓝箭头.png":"texture","1.png":"texture","gost.plist":"sprite-atlas","红箭头.png":"texture","2.png":"texture","3.png":"texture","4.png":"texture","5.png":"texture","6.png":"texture","gost.png":"texture","A110.png":"texture","A130.png":"texture","A150.png":"texture","A210.png":"texture","A231.png":"texture","A232.png":"texture","A251.png":"texture","A252.png":"texture","A310.png":"texture","P1.prefab":"prefab","P2.prefab":"prefab","P3.prefab":"prefab","P4.prefab":"prefab","P5.prefab":"prefab","P6.prefab":"prefab","tree.prefab":"prefab","rock.prefab":"prefab","DL.prefab":"prefab","fireball.prefab":"prefab","A000.prefab":"prefab","A110.prefab":"prefab","A130.prefab":"prefab","A150.prefab":"prefab","A210.prefab":"prefab","A231.prefab":"prefab","A232.prefab":"prefab","A251.prefab":"prefab","A252.prefab":"prefab","A310.prefab":"prefab","sideUI.prefab":"prefab","heart.prefab":"prefab","HUI.prefab":"prefab","ghostUI.prefab":"prefab","Pturn.prefab":"prefab","qi.prefab":"prefab"}